event_id,symbol,transaction_type,quantity
evt-0001,RELIANCE,BUY,90
evt-0002,TCS,SELL,75
evt-0003,HDFCBANK,BUY,60
evt-0004,ICICIBANK,SELL,45
evt-0005,INFY,BUY,30
evt-0006,BHARTIARTL,SELL,15
evt-0007,SBIN,BUY,100
evt-0008,LT,SELL,85
evt-0009,ITC,BUY,70
evt-0010,HINDUNILVR,SELL,55
evt-0011,AXISBANK,BUY,40
evt-0012,KOTAKBANK,SELL,25
evt-0013,BAJFINANCE,BUY,10
evt-0014,MARUTI,SELL,95
evt-0015,SUNPHARMA,BUY,80
evt-0016,NTPC,SELL,65
evt-0017,TATAMOTORS,BUY,50
evt-0018,TATASTEEL,SELL,35
evt-0019,ADANIENT,BUY,20
evt-0020,ASIANPAINT,SELL,5
evt-0021,RELIANCE,BUY,90
evt-0022,TCS,SELL,75
evt-0023,HDFCBANK,BUY,60
evt-0024,ICICIBANK,SELL,45
evt-0025,INFY,BUY,30
evt-0026,BHARTIARTL,SELL,15
evt-0027,SBIN,BUY,100
evt-0028,LT,SELL,85
evt-0029,ITC,BUY,70
evt-0030,HINDUNILVR,SELL,55
evt-0031,AXISBANK,BUY,40
evt-0032,KOTAKBANK,SELL,25
evt-0033,BAJFINANCE,BUY,10
evt-0034,MARUTI,SELL,95
evt-0035,SUNPHARMA,BUY,80
evt-0036,NTPC,SELL,65
evt-0037,TATAMOTORS,BUY,50
evt-0038,TATASTEEL,SELL,35
evt-0039,ADANIENT,BUY,20
evt-0040,ASIANPAINT,SELL,5
evt-0041,RELIANCE,BUY,90
evt-0042,TCS,SELL,75
evt-0043,HDFCBANK,BUY,60
evt-0044,ICICIBANK,SELL,45
evt-0045,INFY,BUY,30
evt-0046,BHARTIARTL,SELL,15
evt-0047,SBIN,BUY,100
evt-0048,LT,SELL,85
evt-0049,ITC,BUY,70
evt-0050,HINDUNILVR,SELL,55
evt-0051,AXISBANK,BUY,40
evt-0052,KOTAKBANK,SELL,25
evt-0053,BAJFINANCE,BUY,10
evt-0054,MARUTI,SELL,95
evt-0055,SUNPHARMA,BUY,80
evt-0056,NTPC,SELL,65
evt-0057,TATAMOTORS,BUY,50
evt-0058,TATASTEEL,SELL,35
evt-0059,ADANIENT,BUY,20
evt-0060,ASIANPAINT,SELL,5
evt-0061,RELIANCE,BUY,90
evt-0062,TCS,SELL,75
evt-0063,HDFCBANK,BUY,60
evt-0064,ICICIBANK,SELL,45
evt-0065,INFY,BUY,30
evt-0066,BHARTIARTL,SELL,15
evt-0067,SBIN,BUY,100
evt-0068,LT,SELL,85
evt-0069,ITC,BUY,70
evt-0070,HINDUNILVR,SELL,55
evt-0071,AXISBANK,BUY,40
evt-0072,KOTAKBANK,SELL,25
evt-0073,BAJFINANCE,BUY,10
evt-0074,MARUTI,SELL,95
evt-0075,SUNPHARMA,BUY,80
evt-0076,NTPC,SELL,65
evt-0077,TATAMOTORS,BUY,50
evt-0078,TATASTEEL,SELL,35
evt-0079,ADANIENT,BUY,20
evt-0080,ASIANPAINT,SELL,5
evt-0081,RELIANCE,BUY,90
evt-0082,TCS,SELL,75
evt-0083,HDFCBANK,BUY,60
evt-0084,ICICIBANK,SELL,45
evt-0085,INFY,BUY,30
evt-0086,BHARTIARTL,SELL,15
evt-0087,SBIN,BUY,100
evt-0088,LT,SELL,85
evt-0089,ITC,BUY,70
evt-0090,HINDUNILVR,SELL,55
evt-0091,AXISBANK,BUY,40
evt-0092,KOTAKBANK,SELL,25
evt-0093,BAJFINANCE,BUY,10
evt-0094,MARUTI,SELL,95
evt-0095,SUNPHARMA,BUY,80
evt-0096,NTPC,SELL,65
evt-0097,TATAMOTORS,BUY,50
evt-0098,TATASTEEL,SELL,35
evt-0099,ADANIENT,BUY,20
evt-0100,ASIANPAINT,SELL,5
evt-0101,RELIANCE,BUY,90
evt-0102,TCS,SELL,75
evt-0103,HDFCBANK,BUY,60
evt-0104,ICICIBANK,SELL,45
evt-0105,INFY,BUY,30
evt-0106,BHARTIARTL,SELL,15
evt-0107,SBIN,BUY,100
evt-0108,LT,SELL,85
evt-0109,ITC,BUY,70
evt-0110,HINDUNILVR,SELL,55
evt-0111,AXISBANK,BUY,40
evt-0112,KOTAKBANK,SELL,25
evt-0113,BAJFINANCE,BUY,10
evt-0114,MARUTI,SELL,95
evt-0115,SUNPHARMA,BUY,80
evt-0116,NTPC,SELL,65
evt-0117,TATAMOTORS,BUY,50
evt-0118,TATASTEEL,SELL,35
evt-0119,ADANIENT,BUY,20
evt-0120,ASIANPAINT,SELL,5
evt-0121,RELIANCE,BUY,90
evt-0122,TCS,SELL,75
evt-0123,HDFCBANK,BUY,60
evt-0124,ICICIBANK,SELL,45
evt-0125,INFY,BUY,30
evt-0126,BHARTIARTL,SELL,15
evt-0127,SBIN,BUY,100
evt-0128,LT,SELL,85
evt-0129,ITC,BUY,70
evt-0130,HINDUNILVR,SELL,55
evt-0131,AXISBANK,BUY,40
evt-0132,KOTAKBANK,SELL,25
evt-0133,BAJFINANCE,BUY,10
evt-0134,MARUTI,SELL,95
evt-0135,SUNPHARMA,BUY,80
evt-0136,NTPC,SELL,65
evt-0137,TATAMOTORS,BUY,50
evt-0138,TATASTEEL,SELL,35
evt-0139,ADANIENT,BUY,20
evt-0140,ASIANPAINT,SELL,5
evt-0141,RELIANCE,BUY,90
evt-0142,TCS,SELL,75
evt-0143,HDFCBANK,BUY,60
evt-0144,ICICIBANK,SELL,45
evt-0145,INFY,BUY,30
evt-0146,BHARTIARTL,SELL,15
evt-0147,SBIN,BUY,100
evt-0148,LT,SELL,85
evt-0149,ITC,BUY,70
evt-0150,HINDUNILVR,SELL,55
evt-0151,AXISBANK,BUY,40
evt-0152,KOTAKBANK,SELL,25
evt-0153,BAJFINANCE,BUY,10
evt-0154,MARUTI,SELL,95
evt-0155,SUNPHARMA,BUY,80
evt-0156,NTPC,SELL,65
evt-0157,TATAMOTORS,BUY,50
evt-0158,TATASTEEL,SELL,35
evt-0159,ADANIENT,BUY,20
evt-0160,ASIANPAINT,SELL,5
evt-0161,RELIANCE,BUY,90
evt-0162,TCS,SELL,75
evt-0163,HDFCBANK,BUY,60
evt-0164,ICICIBANK,SELL,45
evt-0165,INFY,BUY,30
evt-0166,BHARTIARTL,SELL,15
evt-0167,SBIN,BUY,100
evt-0168,LT,SELL,85
evt-0169,ITC,BUY,70
evt-0170,HINDUNILVR,SELL,55
evt-0171,AXISBANK,BUY,40
evt-0172,KOTAKBANK,SELL,25
evt-0173,BAJFINANCE,BUY,10
evt-0174,MARUTI,SELL,95
evt-0175,SUNPHARMA,BUY,80
evt-0176,NTPC,SELL,65
evt-0177,TATAMOTORS,BUY,50
evt-0178,TATASTEEL,SELL,35
evt-0179,ADANIENT,BUY,20
evt-0180,ASIANPAINT,SELL,5
evt-0181,RELIANCE,BUY,90
evt-0182,TCS,SELL,75
evt-0183,HDFCBANK,BUY,60
evt-0184,ICICIBANK,SELL,45
evt-0185,INFY,BUY,30
evt-0186,BHARTIARTL,SELL,15
evt-0187,SBIN,BUY,100
evt-0188,LT,SELL,85
evt-0189,ITC,BUY,70
evt-0190,HINDUNILVR,SELL,55
evt-0191,AXISBANK,BUY,40
evt-0192,KOTAKBANK,SELL,25
evt-0193,BAJFINANCE,BUY,10
evt-0194,MARUTI,SELL,95
evt-0195,SUNPHARMA,BUY,80
evt-0196,NTPC,SELL,65
evt-0197,TATAMOTORS,BUY,50
evt-0198,TATASTEEL,SELL,35
evt-0199,ADANIENT,BUY,20
evt-0200,ASIANPAINT,SELL,5
evt-0201,RELIANCE,BUY,90
evt-0202,TCS,SELL,75
evt-0203,HDFCBANK,BUY,60
evt-0204,ICICIBANK,SELL,45
evt-0205,INFY,BUY,30
evt-0206,BHARTIARTL,SELL,15
evt-0207,SBIN,BUY,100
evt-0208,LT,SELL,85
evt-0209,ITC,BUY,70
evt-0210,HINDUNILVR,SELL,55
evt-0211,AXISBANK,BUY,40
evt-0212,KOTAKBANK,SELL,25
evt-0213,BAJFINANCE,BUY,10
evt-0214,MARUTI,SELL,95
evt-0215,SUNPHARMA,BUY,80
evt-0216,NTPC,SELL,65
evt-0217,TATAMOTORS,BUY,50
evt-0218,TATASTEEL,SELL,35
evt-0219,ADANIENT,BUY,20
evt-0220,ASIANPAINT,SELL,5
evt-0221,RELIANCE,BUY,90
evt-0222,TCS,SELL,75
evt-0223,HDFCBANK,BUY,60
evt-0224,ICICIBANK,SELL,45
evt-0225,INFY,BUY,30
evt-0226,BHARTIARTL,SELL,15
evt-0227,SBIN,BUY,100
evt-0228,LT,SELL,85
evt-0229,ITC,BUY,70
evt-0230,HINDUNILVR,SELL,55
evt-0231,AXISBANK,BUY,40
evt-0232,KOTAKBANK,SELL,25
evt-0233,BAJFINANCE,BUY,10
evt-0234,MARUTI,SELL,95
evt-0235,SUNPHARMA,BUY,80
evt-0236,NTPC,SELL,65
evt-0237,TATAMOTORS,BUY,50
evt-0238,TATASTEEL,SELL,35
evt-0239,ADANIENT,BUY,20
evt-0240,ASIANPAINT,SELL,5
evt-0241,RELIANCE,BUY,90
evt-0242,TCS,SELL,75
evt-0243,HDFCBANK,BUY,60
evt-0244,ICICIBANK,SELL,45
evt-0245,INFY,BUY,30
evt-0246,BHARTIARTL,SELL,15
evt-0247,SBIN,BUY,100
evt-0248,LT,SELL,85
evt-0249,ITC,BUY,70
evt-0250,HINDUNILVR,SELL,55
evt-0251,AXISBANK,BUY,40
evt-0252,KOTAKBANK,SELL,25
evt-0253,BAJFINANCE,BUY,10
evt-0254,MARUTI,SELL,95
evt-0255,SUNPHARMA,BUY,80
evt-0256,NTPC,SELL,65
evt-0257,TATAMOTORS,BUY,50
evt-0258,TATASTEEL,SELL,35
evt-0259,ADANIENT,BUY,20
evt-0260,ASIANPAINT,SELL,5
evt-0261,RELIANCE,BUY,90
evt-0262,TCS,SELL,75
evt-0263,HDFCBANK,BUY,60
evt-0264,ICICIBANK,SELL,45
evt-0265,INFY,BUY,30
evt-0266,BHARTIARTL,SELL,15
evt-0267,SBIN,BUY,100
evt-0268,LT,SELL,85
evt-0269,ITC,BUY,70
evt-0270,HINDUNILVR,SELL,55
evt-0271,AXISBANK,BUY,40
evt-0272,KOTAKBANK,SELL,25
evt-0273,BAJFINANCE,BUY,10
evt-0274,MARUTI,SELL,95
evt-0275,SUNPHARMA,BUY,80
evt-0276,NTPC,SELL,65
evt-0277,TATAMOTORS,BUY,50
evt-0278,TATASTEEL,SELL,35
evt-0279,ADANIENT,BUY,20
evt-0280,ASIANPAINT,SELL,5
evt-0281,RELIANCE,BUY,90
evt-0282,TCS,SELL,75
evt-0283,HDFCBANK,BUY,60
evt-0284,ICICIBANK,SELL,45
evt-0285,INFY,BUY,30
evt-0286,BHARTIARTL,SELL,15
evt-0287,SBIN,BUY,100
evt-0288,LT,SELL,85
evt-0289,ITC,BUY,70
evt-0290,HINDUNILVR,SELL,55
evt-0291,AXISBANK,BUY,40
evt-0292,KOTAKBANK,SELL,25
evt-0293,BAJFINANCE,BUY,10
evt-0294,MARUTI,SELL,95
evt-0295,SUNPHARMA,BUY,80
evt-0296,NTPC,SELL,65
evt-0297,TATAMOTORS,BUY,50
evt-0298,TATASTEEL,SELL,35
evt-0299,ADANIENT,BUY,20
evt-0300,ASIANPAINT,SELL,5
evt-0301,RELIANCE,BUY,90
evt-0302,TCS,SELL,75
evt-0303,HDFCBANK,BUY,60
evt-0304,ICICIBANK,SELL,45
evt-0305,INFY,BUY,30
evt-0306,BHARTIARTL,SELL,15
evt-0307,SBIN,BUY,100
evt-0308,LT,SELL,85
evt-0309,ITC,BUY,70
evt-0310,HINDUNILVR,SELL,55
evt-0311,AXISBANK,BUY,40
evt-0312,KOTAKBANK,SELL,25
evt-0313,BAJFINANCE,BUY,10
evt-0314,MARUTI,SELL,95
evt-0315,SUNPHARMA,BUY,80
evt-0316,NTPC,SELL,65
evt-0317,TATAMOTORS,BUY,50
evt-0318,TATASTEEL,SELL,35
evt-0319,ADANIENT,BUY,20
evt-0320,ASIANPAINT,SELL,5
evt-0321,RELIANCE,BUY,90
evt-0322,TCS,SELL,75
evt-0323,HDFCBANK,BUY,60
evt-0324,ICICIBANK,SELL,45
evt-0325,INFY,BUY,30
evt-0326,BHARTIARTL,SELL,15
evt-0327,SBIN,BUY,100
evt-0328,LT,SELL,85
evt-0329,ITC,BUY,70
evt-0330,HINDUNILVR,SELL,55
evt-0331,AXISBANK,BUY,40
evt-0332,KOTAKBANK,SELL,25
evt-0333,BAJFINANCE,BUY,10
evt-0334,MARUTI,SELL,95
evt-0335,SUNPHARMA,BUY,80
evt-0336,NTPC,SELL,65
evt-0337,TATAMOTORS,BUY,50
evt-0338,TATASTEEL,SELL,35
evt-0339,ADANIENT,BUY,20
evt-0340,ASIANPAINT,SELL,5
evt-0341,RELIANCE,BUY,90
evt-0342,TCS,SELL,75
evt-0343,HDFCBANK,BUY,60
evt-0344,ICICIBANK,SELL,45
evt-0345,INFY,BUY,30
evt-0346,BHARTIARTL,SELL,15
evt-0347,SBIN,BUY,100
evt-0348,LT,SELL,85
evt-0349,ITC,BUY,70
evt-0350,HINDUNILVR,SELL,55
evt-0351,AXISBANK,BUY,40
evt-0352,KOTAKBANK,SELL,25
evt-0353,BAJFINANCE,BUY,10
evt-0354,MARUTI,SELL,95
evt-0355,SUNPHARMA,BUY,80
evt-0356,NTPC,SELL,65
evt-0357,TATAMOTORS,BUY,50
evt-0358,TATASTEEL,SELL,35
evt-0359,ADANIENT,BUY,20
evt-0360,ASIANPAINT,SELL,5
evt-0361,RELIANCE,BUY,90
evt-0362,TCS,SELL,75
evt-0363,HDFCBANK,BUY,60
evt-0364,ICICIBANK,SELL,45
evt-0365,INFY,BUY,30
evt-0366,BHARTIARTL,SELL,15
evt-0367,SBIN,BUY,100
evt-0368,LT,SELL,85
evt-0369,ITC,BUY,70
evt-0370,HINDUNILVR,SELL,55
evt-0371,AXISBANK,BUY,40
evt-0372,KOTAKBANK,SELL,25
evt-0373,BAJFINANCE,BUY,10
evt-0374,MARUTI,SELL,95
evt-0375,SUNPHARMA,BUY,80
evt-0376,NTPC,SELL,65
evt-0377,TATAMOTORS,BUY,50
evt-0378,TATASTEEL,SELL,35
evt-0379,ADANIENT,BUY,20
evt-0380,ASIANPAINT,SELL,5
evt-0381,RELIANCE,BUY,90
evt-0382,TCS,SELL,75
evt-0383,HDFCBANK,BUY,60
evt-0384,ICICIBANK,SELL,45
evt-0385,INFY,BUY,30
evt-0386,BHARTIARTL,SELL,15
evt-0387,SBIN,BUY,100
evt-0388,LT,SELL,85
evt-0389,ITC,BUY,70
evt-0390,HINDUNILVR,SELL,55
evt-0391,AXISBANK,BUY,40
evt-0392,KOTAKBANK,SELL,25
evt-0393,BAJFINANCE,BUY,10
evt-0394,MARUTI,SELL,95
evt-0395,SUNPHARMA,BUY,80
evt-0396,NTPC,SELL,65
evt-0397,TATAMOTORS,BUY,50
evt-0398,TATASTEEL,SELL,35
evt-0399,ADANIENT,BUY,20
evt-0400,ASIANPAINT,SELL,5
evt-0401,RELIANCE,BUY,90
evt-0402,TCS,SELL,75
evt-0403,HDFCBANK,BUY,60
evt-0404,ICICIBANK,SELL,45
evt-0405,INFY,BUY,30
evt-0406,BHARTIARTL,SELL,15
evt-0407,SBIN,BUY,100
evt-0408,LT,SELL,85
evt-0409,ITC,BUY,70
evt-0410,HINDUNILVR,SELL,55
evt-0411,AXISBANK,BUY,40
evt-0412,KOTAKBANK,SELL,25
evt-0413,BAJFINANCE,BUY,10
evt-0414,MARUTI,SELL,95
evt-0415,SUNPHARMA,BUY,80
evt-0416,NTPC,SELL,65
evt-0417,TATAMOTORS,BUY,50
evt-0418,TATASTEEL,SELL,35
evt-0419,ADANIENT,BUY,20
evt-0420,ASIANPAINT,SELL,5
evt-0421,RELIANCE,BUY,90
evt-0422,TCS,SELL,75
evt-0423,HDFCBANK,BUY,60
evt-0424,ICICIBANK,SELL,45
evt-0425,INFY,BUY,30
evt-0426,BHARTIARTL,SELL,15
evt-0427,SBIN,BUY,100
evt-0428,LT,SELL,85
evt-0429,ITC,BUY,70
evt-0430,HINDUNILVR,SELL,55
evt-0431,AXISBANK,BUY,40
evt-0432,KOTAKBANK,SELL,25
evt-0433,BAJFINANCE,BUY,10
evt-0434,MARUTI,SELL,95
evt-0435,SUNPHARMA,BUY,80
evt-0436,NTPC,SELL,65
evt-0437,TATAMOTORS,BUY,50
evt-0438,TATASTEEL,SELL,35
evt-0439,ADANIENT,BUY,20
evt-0440,ASIANPAINT,SELL,5
evt-0441,RELIANCE,BUY,90
evt-0442,TCS,SELL,75
evt-0443,HDFCBANK,BUY,60
evt-0444,ICICIBANK,SELL,45
evt-0445,INFY,BUY,30
evt-0446,BHARTIARTL,SELL,15
evt-0447,SBIN,BUY,100
evt-0448,LT,SELL,85
evt-0449,ITC,BUY,70
evt-0450,HINDUNILVR,SELL,55
evt-0451,AXISBANK,BUY,40
evt-0452,KOTAKBANK,SELL,25
evt-0453,BAJFINANCE,BUY,10
evt-0454,MARUTI,SELL,95
evt-0455,SUNPHARMA,BUY,80
evt-0456,NTPC,SELL,65
evt-0457,TATAMOTORS,BUY,50
evt-0458,TATASTEEL,SELL,35
evt-0459,ADANIENT,BUY,20
evt-0460,ASIANPAINT,SELL,5
evt-0461,RELIANCE,BUY,90
evt-0462,TCS,SELL,75
evt-0463,HDFCBANK,BUY,60
evt-0464,ICICIBANK,SELL,45
evt-0465,INFY,BUY,30
evt-0466,BHARTIARTL,SELL,15
evt-0467,SBIN,BUY,100
evt-0468,LT,SELL,85
evt-0469,ITC,BUY,70
evt-0470,HINDUNILVR,SELL,55
evt-0471,AXISBANK,BUY,40
evt-0472,KOTAKBANK,SELL,25
evt-0473,BAJFINANCE,BUY,10
evt-0474,MARUTI,SELL,95
evt-0475,SUNPHARMA,BUY,80
evt-0476,NTPC,SELL,65
evt-0477,TATAMOTORS,BUY,50
evt-0478,TATASTEEL,SELL,35
evt-0479,ADANIENT,BUY,20
evt-0480,ASIANPAINT,SELL,5
evt-0481,RELIANCE,BUY,90
evt-0482,TCS,SELL,75
evt-0483,HDFCBANK,BUY,60
evt-0484,ICICIBANK,SELL,45
evt-0485,INFY,BUY,30
evt-0486,BHARTIARTL,SELL,15
evt-0487,SBIN,BUY,100
evt-0488,LT,SELL,85
evt-0489,ITC,BUY,70
evt-0490,HINDUNILVR,SELL,55
evt-0491,AXISBANK,BUY,40
evt-0492,KOTAKBANK,SELL,25
evt-0493,BAJFINANCE,BUY,10
evt-0494,MARUTI,SELL,95
evt-0495,SUNPHARMA,BUY,80
evt-0496,NTPC,SELL,65
evt-0497,TATAMOTORS,BUY,50
evt-0498,TATASTEEL,SELL,35
evt-0499,ADANIENT,BUY,20
evt-0500,ASIANPAINT,SELL,5
evt-0501,RELIANCE,BUY,90
evt-0502,TCS,SELL,75
evt-0503,HDFCBANK,BUY,60
evt-0504,ICICIBANK,SELL,45
evt-0505,INFY,BUY,30
evt-0506,BHARTIARTL,SELL,15
evt-0507,SBIN,BUY,100
evt-0508,LT,SELL,85
evt-0509,ITC,BUY,70
evt-0510,HINDUNILVR,SELL,55
evt-0511,AXISBANK,BUY,40
evt-0512,KOTAKBANK,SELL,25
evt-0513,BAJFINANCE,BUY,10
evt-0514,MARUTI,SELL,95
evt-0515,SUNPHARMA,BUY,80
evt-0516,NTPC,SELL,65
evt-0517,TATAMOTORS,BUY,50
evt-0518,TATASTEEL,SELL,35
evt-0519,ADANIENT,BUY,20
evt-0520,ASIANPAINT,SELL,5
evt-0521,RELIANCE,BUY,90
evt-0522,TCS,SELL,75
evt-0523,HDFCBANK,BUY,60
evt-0524,ICICIBANK,SELL,45
evt-0525,INFY,BUY,30
evt-0526,BHARTIARTL,SELL,15
evt-0527,SBIN,BUY,100
evt-0528,LT,SELL,85
evt-0529,ITC,BUY,70
evt-0530,HINDUNILVR,SELL,55
evt-0531,AXISBANK,BUY,40
evt-0532,KOTAKBANK,SELL,25
evt-0533,BAJFINANCE,BUY,10
evt-0534,MARUTI,SELL,95
evt-0535,SUNPHARMA,BUY,80
evt-0536,NTPC,SELL,65
evt-0537,TATAMOTORS,BUY,50
evt-0538,TATASTEEL,SELL,35
evt-0539,ADANIENT,BUY,20
evt-0540,ASIANPAINT,SELL,5
evt-0541,RELIANCE,BUY,90
evt-0542,TCS,SELL,75
evt-0543,HDFCBANK,BUY,60
evt-0544,ICICIBANK,SELL,45
evt-0545,INFY,BUY,30
evt-0546,BHARTIARTL,SELL,15
evt-0547,SBIN,BUY,100
evt-0548,LT,SELL,85
evt-0549,ITC,BUY,70
evt-0550,HINDUNILVR,SELL,55
evt-0551,AXISBANK,BUY,40
evt-0552,KOTAKBANK,SELL,25
evt-0553,BAJFINANCE,BUY,10
evt-0554,MARUTI,SELL,95
evt-0555,SUNPHARMA,BUY,80
evt-0556,NTPC,SELL,65
evt-0557,TATAMOTORS,BUY,50
evt-0558,TATASTEEL,SELL,35
evt-0559,ADANIENT,BUY,20
evt-0560,ASIANPAINT,SELL,5
evt-0561,RELIANCE,BUY,90
evt-0562,TCS,SELL,75
evt-0563,HDFCBANK,BUY,60
evt-0564,ICICIBANK,SELL,45
evt-0565,INFY,BUY,30
evt-0566,BHARTIARTL,SELL,15
evt-0567,SBIN,BUY,100
evt-0568,LT,SELL,85
evt-0569,ITC,BUY,70
evt-0570,HINDUNILVR,SELL,55
evt-0571,AXISBANK,BUY,40
evt-0572,KOTAKBANK,SELL,25
evt-0573,BAJFINANCE,BUY,10
evt-0574,MARUTI,SELL,95
evt-0575,SUNPHARMA,BUY,80
evt-0576,NTPC,SELL,65
evt-0577,TATAMOTORS,BUY,50
evt-0578,TATASTEEL,SELL,35
evt-0579,ADANIENT,BUY,20
evt-0580,ASIANPAINT,SELL,5
evt-0581,RELIANCE,BUY,90
evt-0582,TCS,SELL,75
evt-0583,HDFCBANK,BUY,60
evt-0584,ICICIBANK,SELL,45
evt-0585,INFY,BUY,30
evt-0586,BHARTIARTL,SELL,15
evt-0587,SBIN,BUY,100
evt-0588,LT,SELL,85
evt-0589,ITC,BUY,70
evt-0590,HINDUNILVR,SELL,55
evt-0591,AXISBANK,BUY,40
evt-0592,KOTAKBANK,SELL,25
evt-0593,BAJFINANCE,BUY,10
evt-0594,MARUTI,SELL,95
evt-0595,SUNPHARMA,BUY,80
evt-0596,NTPC,SELL,65
evt-0597,TATAMOTORS,BUY,50
evt-0598,TATASTEEL,SELL,35
evt-0599,ADANIENT,BUY,20
evt-0600,ASIANPAINT,SELL,5
evt-0601,RELIANCE,BUY,90
evt-0602,TCS,SELL,75
evt-0603,HDFCBANK,BUY,60
evt-0604,ICICIBANK,SELL,45
evt-0605,INFY,BUY,30
evt-0606,BHARTIARTL,SELL,15
evt-0607,SBIN,BUY,100
evt-0608,LT,SELL,85
evt-0609,ITC,BUY,70
evt-0610,HINDUNILVR,SELL,55
evt-0611,AXISBANK,BUY,40
evt-0612,KOTAKBANK,SELL,25
evt-0613,BAJFINANCE,BUY,10
evt-0614,MARUTI,SELL,95
evt-0615,SUNPHARMA,BUY,80
evt-0616,NTPC,SELL,65
evt-0617,TATAMOTORS,BUY,50
evt-0618,TATASTEEL,SELL,35
evt-0619,ADANIENT,BUY,20
evt-0620,ASIANPAINT,SELL,5
evt-0621,RELIANCE,BUY,90
evt-0622,TCS,SELL,75
evt-0623,HDFCBANK,BUY,60
evt-0624,ICICIBANK,SELL,45
evt-0625,INFY,BUY,30
evt-0626,BHARTIARTL,SELL,15
evt-0627,SBIN,BUY,100
evt-0628,LT,SELL,85
evt-0629,ITC,BUY,70
evt-0630,HINDUNILVR,SELL,55
evt-0631,AXISBANK,BUY,40
evt-0632,KOTAKBANK,SELL,25
evt-0633,BAJFINANCE,BUY,10
evt-0634,MARUTI,SELL,95
evt-0635,SUNPHARMA,BUY,80
evt-0636,NTPC,SELL,65
evt-0637,TATAMOTORS,BUY,50
evt-0638,TATASTEEL,SELL,35
evt-0639,ADANIENT,BUY,20
evt-0640,ASIANPAINT,SELL,5
evt-0641,RELIANCE,BUY,90
evt-0642,TCS,SELL,75
evt-0643,HDFCBANK,BUY,60
evt-0644,ICICIBANK,SELL,45
evt-0645,INFY,BUY,30
evt-0646,BHARTIARTL,SELL,15
evt-0647,SBIN,BUY,100
evt-0648,LT,SELL,85
evt-0649,ITC,BUY,70
evt-0650,HINDUNILVR,SELL,55
evt-0651,AXISBANK,BUY,40
evt-0652,KOTAKBANK,SELL,25
evt-0653,BAJFINANCE,BUY,10
evt-0654,MARUTI,SELL,95
evt-0655,SUNPHARMA,BUY,80
evt-0656,NTPC,SELL,65
evt-0657,TATAMOTORS,BUY,50
evt-0658,TATASTEEL,SELL,35
evt-0659,ADANIENT,BUY,20
evt-0660,ASIANPAINT,SELL,5
evt-0661,RELIANCE,BUY,90
evt-0662,TCS,SELL,75
evt-0663,HDFCBANK,BUY,60
evt-0664,ICICIBANK,SELL,45
evt-0665,INFY,BUY,30
evt-0666,BHARTIARTL,SELL,15
evt-0667,SBIN,BUY,100
evt-0668,LT,SELL,85
evt-0669,ITC,BUY,70
evt-0670,HINDUNILVR,SELL,55
evt-0671,AXISBANK,BUY,40
evt-0672,KOTAKBANK,SELL,25
evt-0673,BAJFINANCE,BUY,10
evt-0674,MARUTI,SELL,95
evt-0675,SUNPHARMA,BUY,80
evt-0676,NTPC,SELL,65
evt-0677,TATAMOTORS,BUY,50
evt-0678,TATASTEEL,SELL,35
evt-0679,ADANIENT,BUY,20
evt-0680,ASIANPAINT,SELL,5
evt-0681,RELIANCE,BUY,90
evt-0682,TCS,SELL,75
evt-0683,HDFCBANK,BUY,60
evt-0684,ICICIBANK,SELL,45
evt-0685,INFY,BUY,30
evt-0686,BHARTIARTL,SELL,15
evt-0687,SBIN,BUY,100
evt-0688,LT,SELL,85
evt-0689,ITC,BUY,70
evt-0690,HINDUNILVR,SELL,55
evt-0691,AXISBANK,BUY,40
evt-0692,KOTAKBANK,SELL,25
evt-0693,BAJFINANCE,BUY,10
evt-0694,MARUTI,SELL,95
evt-0695,SUNPHARMA,BUY,80
evt-0696,NTPC,SELL,65
evt-0697,TATAMOTORS,BUY,50
evt-0698,TATASTEEL,SELL,35
evt-0699,ADANIENT,BUY,20
evt-0700,ASIANPAINT,SELL,5
evt-0701,RELIANCE,BUY,90
evt-0702,TCS,SELL,75
evt-0703,HDFCBANK,BUY,60
evt-0704,ICICIBANK,SELL,45
evt-0705,INFY,BUY,30
evt-0706,BHARTIARTL,SELL,15
evt-0707,SBIN,BUY,100
evt-0708,LT,SELL,85
evt-0709,ITC,BUY,70
evt-0710,HINDUNILVR,SELL,55
evt-0711,AXISBANK,BUY,40
evt-0712,KOTAKBANK,SELL,25
evt-0713,BAJFINANCE,BUY,10
evt-0714,MARUTI,SELL,95
evt-0715,SUNPHARMA,BUY,80
evt-0716,NTPC,SELL,65
evt-0717,TATAMOTORS,BUY,50
evt-0718,TATASTEEL,SELL,35
evt-0719,ADANIENT,BUY,20
evt-0720,ASIANPAINT,SELL,5
evt-0721,RELIANCE,BUY,90
evt-0722,TCS,SELL,75
evt-0723,HDFCBANK,BUY,60
evt-0724,ICICIBANK,SELL,45
evt-0725,INFY,BUY,30
evt-0726,BHARTIARTL,SELL,15
evt-0727,SBIN,BUY,100
evt-0728,LT,SELL,85
evt-0729,ITC,BUY,70
evt-0730,HINDUNILVR,SELL,55
evt-0731,AXISBANK,BUY,40
evt-0732,KOTAKBANK,SELL,25
evt-0733,BAJFINANCE,BUY,10
evt-0734,MARUTI,SELL,95
evt-0735,SUNPHARMA,BUY,80
evt-0736,NTPC,SELL,65
evt-0737,TATAMOTORS,BUY,50
evt-0738,TATASTEEL,SELL,35
evt-0739,ADANIENT,BUY,20
evt-0740,ASIANPAINT,SELL,5
evt-0741,RELIANCE,BUY,90
evt-0742,TCS,SELL,75
evt-0743,HDFCBANK,BUY,60
evt-0744,ICICIBANK,SELL,45
evt-0745,INFY,BUY,30
evt-0746,BHARTIARTL,SELL,15
evt-0747,SBIN,BUY,100
evt-0748,LT,SELL,85
evt-0749,ITC,BUY,70
evt-0750,HINDUNILVR,SELL,55
evt-0751,AXISBANK,BUY,40
evt-0752,KOTAKBANK,SELL,25
evt-0753,BAJFINANCE,BUY,10
evt-0754,MARUTI,SELL,95
evt-0755,SUNPHARMA,BUY,80
evt-0756,NTPC,SELL,65
evt-0757,TATAMOTORS,BUY,50
evt-0758,TATASTEEL,SELL,35
evt-0759,ADANIENT,BUY,20
evt-0760,ASIANPAINT,SELL,5
evt-0761,RELIANCE,BUY,90
evt-0762,TCS,SELL,75
evt-0763,HDFCBANK,BUY,60
evt-0764,ICICIBANK,SELL,45
evt-0765,INFY,BUY,30
evt-0766,BHARTIARTL,SELL,15
evt-0767,SBIN,BUY,100
evt-0768,LT,SELL,85
evt-0769,ITC,BUY,70
evt-0770,HINDUNILVR,SELL,55
evt-0771,AXISBANK,BUY,40
evt-0772,KOTAKBANK,SELL,25
evt-0773,BAJFINANCE,BUY,10
evt-0774,MARUTI,SELL,95
evt-0775,SUNPHARMA,BUY,80
evt-0776,NTPC,SELL,65
evt-0777,TATAMOTORS,BUY,50
evt-0778,TATASTEEL,SELL,35
evt-0779,ADANIENT,BUY,20
evt-0780,ASIANPAINT,SELL,5
evt-0781,RELIANCE,BUY,90
evt-0782,TCS,SELL,75
evt-0783,HDFCBANK,BUY,60
evt-0784,ICICIBANK,SELL,45
evt-0785,INFY,BUY,30
evt-0786,BHARTIARTL,SELL,15
evt-0787,SBIN,BUY,100
evt-0788,LT,SELL,85
evt-0789,ITC,BUY,70
evt-0790,HINDUNILVR,SELL,55
evt-0791,AXISBANK,BUY,40
evt-0792,KOTAKBANK,SELL,25
evt-0793,BAJFINANCE,BUY,10
evt-0794,MARUTI,SELL,95
evt-0795,SUNPHARMA,BUY,80
evt-0796,NTPC,SELL,65
evt-0797,TATAMOTORS,BUY,50
evt-0798,TATASTEEL,SELL,35
evt-0799,ADANIENT,BUY,20
evt-0800,ASIANPAINT,SELL,5
evt-0801,RELIANCE,BUY,90
evt-0802,TCS,SELL,75
evt-0803,HDFCBANK,BUY,60
evt-0804,ICICIBANK,SELL,45
evt-0805,INFY,BUY,30
evt-0806,BHARTIARTL,SELL,15
evt-0807,SBIN,BUY,100
evt-0808,LT,SELL,85
evt-0809,ITC,BUY,70
evt-0810,HINDUNILVR,SELL,55
evt-0811,AXISBANK,BUY,40
evt-0812,KOTAKBANK,SELL,25
evt-0813,BAJFINANCE,BUY,10
evt-0814,MARUTI,SELL,95
evt-0815,SUNPHARMA,BUY,80
evt-0816,NTPC,SELL,65
evt-0817,TATAMOTORS,BUY,50
evt-0818,TATASTEEL,SELL,35
evt-0819,ADANIENT,BUY,20
evt-0820,ASIANPAINT,SELL,5
evt-0821,RELIANCE,BUY,90
evt-0822,TCS,SELL,75
evt-0823,HDFCBANK,BUY,60
evt-0824,ICICIBANK,SELL,45
evt-0825,INFY,BUY,30
evt-0826,BHARTIARTL,SELL,15
evt-0827,SBIN,BUY,100
evt-0828,LT,SELL,85
evt-0829,ITC,BUY,70
evt-0830,HINDUNILVR,SELL,55
evt-0831,AXISBANK,BUY,40
evt-0832,KOTAKBANK,SELL,25
evt-0833,BAJFINANCE,BUY,10
evt-0834,MARUTI,SELL,95
evt-0835,SUNPHARMA,BUY,80
evt-0836,NTPC,SELL,65
evt-0837,TATAMOTORS,BUY,50
evt-0838,TATASTEEL,SELL,35
evt-0839,ADANIENT,BUY,20
evt-0840,ASIANPAINT,SELL,5
evt-0841,RELIANCE,BUY,90
evt-0842,TCS,SELL,75
evt-0843,HDFCBANK,BUY,60
evt-0844,ICICIBANK,SELL,45
evt-0845,INFY,BUY,30
evt-0846,BHARTIARTL,SELL,15
evt-0847,SBIN,BUY,100
evt-0848,LT,SELL,85
evt-0849,ITC,BUY,70
evt-0850,HINDUNILVR,SELL,55
evt-0851,AXISBANK,BUY,40
evt-0852,KOTAKBANK,SELL,25
evt-0853,BAJFINANCE,BUY,10
evt-0854,MARUTI,SELL,95
evt-0855,SUNPHARMA,BUY,80
evt-0856,NTPC,SELL,65
evt-0857,TATAMOTORS,BUY,50
evt-0858,TATASTEEL,SELL,35
evt-0859,ADANIENT,BUY,20
evt-0860,ASIANPAINT,SELL,5
evt-0861,RELIANCE,BUY,90
evt-0862,TCS,SELL,75
evt-0863,HDFCBANK,BUY,60
evt-0864,ICICIBANK,SELL,45
evt-0865,INFY,BUY,30
evt-0866,BHARTIARTL,SELL,15
evt-0867,SBIN,BUY,100
evt-0868,LT,SELL,85
evt-0869,ITC,BUY,70
evt-0870,HINDUNILVR,SELL,55
evt-0871,AXISBANK,BUY,40
evt-0872,KOTAKBANK,SELL,25
evt-0873,BAJFINANCE,BUY,10
evt-0874,MARUTI,SELL,95
evt-0875,SUNPHARMA,BUY,80
evt-0876,NTPC,SELL,65
evt-0877,TATAMOTORS,BUY,50
evt-0878,TATASTEEL,SELL,35
evt-0879,ADANIENT,BUY,20
evt-0880,ASIANPAINT,SELL,5
evt-0881,RELIANCE,BUY,90
evt-0882,TCS,SELL,75
evt-0883,HDFCBANK,BUY,60
evt-0884,ICICIBANK,SELL,45
evt-0885,INFY,BUY,30
evt-0886,BHARTIARTL,SELL,15
evt-0887,SBIN,BUY,100
evt-0888,LT,SELL,85
evt-0889,ITC,BUY,70
evt-0890,HINDUNILVR,SELL,55
evt-0891,AXISBANK,BUY,40
evt-0892,KOTAKBANK,SELL,25
evt-0893,BAJFINANCE,BUY,10
evt-0894,MARUTI,SELL,95
evt-0895,SUNPHARMA,BUY,80
evt-0896,NTPC,SELL,65
evt-0897,TATAMOTORS,BUY,50
evt-0898,TATASTEEL,SELL,35
evt-0899,ADANIENT,BUY,20
evt-0900,ASIANPAINT,SELL,5
evt-0901,RELIANCE,BUY,90
evt-0902,TCS,SELL,75
evt-0903,HDFCBANK,BUY,60
evt-0904,ICICIBANK,SELL,45
evt-0905,INFY,BUY,30
evt-0906,BHARTIARTL,SELL,15
evt-0907,SBIN,BUY,100
evt-0908,LT,SELL,85
evt-0909,ITC,BUY,70
evt-0910,HINDUNILVR,SELL,55
evt-0911,AXISBANK,BUY,40
evt-0912,KOTAKBANK,SELL,25
evt-0913,BAJFINANCE,BUY,10
evt-0914,MARUTI,SELL,95
evt-0915,SUNPHARMA,BUY,80
evt-0916,NTPC,SELL,65
evt-0917,TATAMOTORS,BUY,50
evt-0918,TATASTEEL,SELL,35
evt-0919,ADANIENT,BUY,20
evt-0920,ASIANPAINT,SELL,5
evt-0921,RELIANCE,BUY,90
evt-0922,TCS,SELL,75
evt-0923,HDFCBANK,BUY,60
evt-0924,ICICIBANK,SELL,45
evt-0925,INFY,BUY,30
evt-0926,BHARTIARTL,SELL,15
evt-0927,SBIN,BUY,100
evt-0928,LT,SELL,85
evt-0929,ITC,BUY,70
evt-0930,HINDUNILVR,SELL,55
evt-0931,AXISBANK,BUY,40
evt-0932,KOTAKBANK,SELL,25
evt-0933,BAJFINANCE,BUY,10
evt-0934,MARUTI,SELL,95
evt-0935,SUNPHARMA,BUY,80
evt-0936,NTPC,SELL,65
evt-0937,TATAMOTORS,BUY,50
evt-0938,TATASTEEL,SELL,35
evt-0939,ADANIENT,BUY,20
evt-0940,ASIANPAINT,SELL,5
evt-0941,RELIANCE,BUY,90
evt-0942,TCS,SELL,75
evt-0943,HDFCBANK,BUY,60
evt-0944,ICICIBANK,SELL,45
evt-0945,INFY,BUY,30
evt-0946,BHARTIARTL,SELL,15
evt-0947,SBIN,BUY,100
evt-0948,LT,SELL,85
evt-0949,ITC,BUY,70
evt-0950,HINDUNILVR,SELL,55
evt-0951,AXISBANK,BUY,40
evt-0952,KOTAKBANK,SELL,25
evt-0953,BAJFINANCE,BUY,10
evt-0954,MARUTI,SELL,95
evt-0955,SUNPHARMA,BUY,80
evt-0956,NTPC,SELL,65
evt-0957,TATAMOTORS,BUY,50
evt-0958,TATASTEEL,SELL,35
evt-0959,ADANIENT,BUY,20
evt-0960,ASIANPAINT,SELL,5
evt-0961,RELIANCE,BUY,90
evt-0962,TCS,SELL,75
evt-0963,HDFCBANK,BUY,60
evt-0964,ICICIBANK,SELL,45
evt-0965,INFY,BUY,30
evt-0966,BHARTIARTL,SELL,15
evt-0967,SBIN,BUY,100
evt-0968,LT,SELL,85
evt-0969,ITC,BUY,70
evt-0970,HINDUNILVR,SELL,55
evt-0971,AXISBANK,BUY,40
evt-0972,KOTAKBANK,SELL,25
evt-0973,BAJFINANCE,BUY,10
evt-0974,MARUTI,SELL,95
evt-0975,SUNPHARMA,BUY,80
evt-0976,NTPC,SELL,65
evt-0977,TATAMOTORS,BUY,50
evt-0978,TATASTEEL,SELL,35
evt-0979,ADANIENT,BUY,20
evt-0980,ASIANPAINT,SELL,5
evt-0981,RELIANCE,BUY,90
evt-0982,TCS,SELL,75
evt-0983,HDFCBANK,BUY,60
evt-0984,ICICIBANK,SELL,45
evt-0985,INFY,BUY,30
evt-0986,BHARTIARTL,SELL,15
evt-0987,SBIN,BUY,100
evt-0988,LT,SELL,85
evt-0989,ITC,BUY,70
evt-0990,HINDUNILVR,SELL,55
evt-0991,AXISBANK,BUY,40
evt-0992,KOTAKBANK,SELL,25
evt-0993,BAJFINANCE,BUY,10
evt-0994,MARUTI,SELL,95
evt-0995,SUNPHARMA,BUY,80
evt-0996,NTPC,SELL,65
evt-0997,TATAMOTORS,BUY,50
evt-0998,TATASTEEL,SELL,35
evt-0999,ADANIENT,BUY,20
evt-1000,ASIANPAINT,SELL,5
